,lef_hip_x,lef_hip_y,left_ankle_x,left_ankle_y,left_knee_x,left_knee_y,left_shoulder_x,left_shoulder_y,right_ankle_x,right_ankle_y,right_hip_x,right_hip_y,right_knee_x,right_knee_y,right_shoulder_x,right_shoulder_y
0,380.98162841796875,442.0491943359375,298.60723876953125,650.2826538085938,226.52963256835938,478.26373291015625,226.52963256835938,270.0302734375,247.12322998046875,614.0681762695312,339.79443359375,432.99554443359375,185.3424072265625,451.10284423828125,195.63922119140625,260.97662353515625
1,389.1555480957031,320.8647155761719,320.0540466308594,481.2970886230469,241.08087158203125,344.9295959472656,290.4391174316406,152.41073608398438,320.0540466308594,425.1458435058594,399.0271911621094,312.8431091308594,270.69580078125,336.9079895019531,290.4391174316406,144.38912963867188
2,369.3431396484375,455.4581298828125,299.4674072265625,643.7821655273438,239.5739288330078,502.53912353515625,299.4674072265625,276.55035400390625,289.48516845703125,634.365966796875,349.378662109375,455.4581298828125,229.59165954589844,493.12298583984375,269.52069091796875,276.55035400390625
3,364.864501953125,569.1878662109375,302.3162841796875,677.5506591796875,208.4939727783203,469.8553771972656,229.34336853027344,352.4624328613281,229.34336853027344,623.3692626953125,302.3162841796875,587.248291015625,145.94578552246094,451.7949523925781,156.37046813964844,370.5229187011719
4,331.7555236816406,460.06622314453125,256.8398132324219,577.9713745117188,170.39859008789062,532.6232299804688,262.6025695800781,260.53448486328125,233.788818359375,541.69287109375,337.5182800292969,432.85736083984375,181.92410278320312,505.41436767578125,285.6535339355469,224.25604248046875
5,149.33331298828125,461.6603698730469,213.33331298828125,721.0093994140625,288.0,548.110107421875,341.3333740234375,355.9997253417969,245.33331298828125,740.2205810546875,128.0,461.6603698730469,298.6666259765625,548.110107421875,330.6666259765625,346.3941345214844
